Reference	Qty	Value	DNP	Exclude from BOM	Exclude from Board	Footprint	Datasheet
AFF1,AFF2	2	LTS-6980HR				Display_7Segment:7SegmentLED_LTS6760_LTS6780	http://datasheet.octopart.com/LTS-6960HR-Lite-On-datasheet-11803242.pdf
C1	1	0.1uF				Capacitor_THT:CP_Radial_D10.0mm_P2.50mm	
C2	1	10uF				Capacitor_THT:CP_Radial_D5.0mm_P2.00mm	
D1,D2,D3	3	L08R5000Q1				LED:LEDRD254W57D500H1070	
R1,R2,R3	3	470				Resistor_THT:R_Axial_DIN0204_L3.6mm_D1.6mm_P5.08mm_Vertical	
R4	1	10k				Resistor_THT:R_Axial_DIN0204_L3.6mm_D1.6mm_P7.62mm_Horizontal	
SW1,SW2,SW3	3	SW_Push				Button_Switch_Keyboard:SW_Cherry_MX_1.00u_PCB	
U1	1	XIAO-RP2040-DIP				XIAO:XIAO-RP2040-DIP	
U2	1	MAX7219				MAX7219:DIL24	https://datasheets.maximintegrated.com/en/ds/MAX7219-MAX7221.pdf
